{
  "courses": [
    {
      "id": 1,
      "isPublished": true,
      "areaId": 1,
      "name": "Flat UI",
      "description": "Даний курс вивчає мінімалістичний підхід до дизайну об'єктів, який підкреслює зручність використання, більшою мірою орієнтований на кінцевого користувача. Курс буде цікавий студентам, які хотіли б оволодіти мистецтвом розробки веб-ресурсів згідно нових тенденцій дизайну",
      "startDate": "2032-10-11",
      "duration": 10,
      "schedule": "Сб, Пн, Пт",
      "minStudents": 17,
      "applicantsNumber": 15,
      "image": "img/flat_ui.png"
    },
    {
      "id": 2,
      "isPublished": true,
      "areaId": 1,
      "name": "CSS",
      "description": "Будуть розглянуті сучасні можливості каскадних таблиць стилів і їхню підтримку востанніх популярних браузерах",
      "startDate": "2034-01-27",
      "duration": 1,
      "schedule": "Сб, Чт, Пт",
      "minStudents": 12,
      "applicantsNumber": 12,
      "image": "img/css.png"
    },
    {
      "id": 3,
      "isPublished": true,
      "areaId": 1,
      "name": "HTML",
      "description": "Даний курс складається з п'яти модулів та екзаменаційного завдання. Кожен модуль містить посилання на матеріали відеохарактеру та допоміжну інформацію. Курс буде цікавий студентам, які хотіли б оволодіти мистецтвом розробки веб-ресурсів згідно нових тенденцій дизайну",
      "startDate": "2002-05-31",
      "duration": 5,
      "schedule": "Сб, Пн, Ср, Пт",
      "minStudents": 17,
      "applicantsNumber": 18,
      "image": "img/html.png"
    },
    {
      "id": 4,
      "isPublished": true,
      "areaId": 2,
      "name": "Java",
      "description": "Даний курс орієнтований на вивчення Java як людьми з мінімальним рівнем знання програмування так і людей, які хочуть покращити свої знання з певних нюансів мови.",
      "startDate": "2050-05-31",
      "duration": 2,
      "schedule": "Сб, Вт",
      "minStudents": 1,
      "applicantsNumber": 12,
      "image": "img/java.png"
    },
    {
      "id": 5,
      "isPublished": true,
      "areaId": 3,
      "name": ".Net",
      "description": "У Вас буде можливість вивчити технології та підходи до розробки Web-програм з багаторівневою архітектурою. Ви отримаєте досвід побудови Web-програм засобами ASP.NET MVC, Silverlight, побудови десктопних програм засобами WPF, реалізацію ORM засобами ADO.NET Entity, а також розробки Web-сервісів з допомогою WСF.",
      "startDate": "2003-11-04",
      "duration": 2,
      "schedule": "Сб, Пн",
      "minStudents": 10,
      "applicantsNumber": 5,
      "image": "img/_net.png"
    },
    {
      "id": 6,
      "isPublished": true,
      "areaId": 4,
      "name": "UX",
      "description": "Програма навчання сформована відповідно до вимог провідних ІТ компаній, що підтверджує Львівський Кластер ІТ-BPO. Це можливість всім починаючим дизайнерам та архітекторам з головою поринути в світ найперспективнішої сфери – дизайну в ІТ. Ринок потребує нових спеціалістів і Lviv UI/UX School ставить собі за мету підготувати справжніх професіоналів дизайну.",
      "startDate": "2080-04-08",
      "duration": 4,
      "schedule": "Сб, Чт",
      "minStudents": 10,
      "applicantsNumber": 8,
      "image": "img/ux.png"
    }
  ],
  "modules": [
    {
      "id": 1,
      "courseId": 1,
      "name": "Модуль 1. Introduction to Flat User Interface Design.",
      "description": "\"Теги\"? Теги це мітки, які ви використовуєте для вказівки браузеру, як він повинен показувати ваш web-сайт. Всі теги мають однаковий формат: вони починаються знаком \"&lt;\" і закінчуються знаком sign \"&gt;\". Зазвичай є два теги - відкриваючий: &lt;html&gt; і закриваючий: &lt;/html&gt;. Різниця в тому, що в закриваючому є слеш \"/\". Весь вміст, що вміщено між відкриваючими і закриваючими тегами, є вмістом тега. Але, як то кажуть, в кожному правилі є винятки, і в HTML також є теги, які є і відкривають, і закривають. Ці теги не містять тексту, а є мітками, наприклад, перенесення рядка виглядає так: &lt;br />. HTML - це теги, і нічого крім тегів. Для вивчення HTML потрібно вивчити різні теги. Наприклад, тег &lt;b&gt; інформує браузер, що весь текст між &lt;b&gt; і &lt;/b&gt; повинен бути надрукований жирним шрифтом. (\"b\" це скорочення від \"bold\".) ",
      "available": true,
      "numberOfTests": 8,
      "result": 7,
      "resources": [
        {
          "type": "video",
          "name": "Модуль 1. Відео.",
          "url": "https://www.youtube.com/embed/LICSA6iJd6w"
        },
        {
          "type": "zip",
          "name": "Модуль 1. Конспект. Частина 1.",
          "url": "/web-resources/forms.zip"
        },
        {
          "type": "zip",
          "name": "Модуль 1. Конспект. Частина 2.",
          "url": "/web-resources/forms.zip"
        }
      ]
    },
    {
      "id": 2,
      "courseId": 1,
      "name": "Модуль 2. Flat UI Color Workflows",
      "description": "Форма в мережі є будь-якою областю на сторінці Web, де можна ввести інформацію, наприклад, введення тексту або чисел у текстовому полі, постановка прапорця, встановлення радіо-кнопки або вибір варіанта зі списку. Потім форма, після натискання на кнопку відправки, надсилається на Web-сайт. Використання форм в Web зустрічається повсюдно: для введення імен користувачів і паролів на екрані реєстрації, коментарі в блозі, заповнення профілю на сайті соціальної мережі або повідомлення інформації для рахунку на сайті магазина. Створити форму легко, але як щодо відповідності форми стандартам Web? До даного моменту, якщо ви пропрацювали навчальний курс за стандартами Web, будемо сподіватися, що ви вже переконалися, що стандарти Web є способом руху вперед. Код, який необхідно створити для доступної форми відповідно до стандартів, вимагає не більше роботи для реалізації, ніж неохайна форма.Тому, давайте почнемо з самої основної та простої форми, яку хтось, можливо, захоче використати, і після цього потроху будемо її ускладнювати – у цій лекції будуть розглянуті всі основні елементи, які необхідно знати для створення елегантної, доступної форми з допомогою HTML.",
      "available": true,
      "resources": [
        {
          "type": "video",
          "name": "Модуль 2. Відео.",
          "url": "https://www.youtube.com/embed/Y_dsckWhclE"
        },
        {
          "type": "zip",
          "name": "Модуль 2. Конспект.",
          "url": "/web-resources/forms.zip"
        }
      ]
    },
    {
      "id": 3,
      "courseId": 1,
      "name": "Модуль 3. Disadvantages of Flat UI",
      "description": "Як використовувати стандарти Web для організації безлічі даних? Сама ідея множини вкладених елементів, необхідних для перетворення всіх даних в симпатичні рядки та клітинки, повинна привести мозок у стан тривоги, але на щастя рішення є – на допомогу приходять таблиці! <br /> У Web-дизайні таблиці є хорошим способом організації даних в табличній формі. Іншими словами, завдяки таблицям, діаграмам та іншій графічній інформації, яка допомагає побачити і перетворити великий обсяг інформації в зведення, яке дозволяє порівнювати і зіставляти різні фрагменти даних. Ви зустрічаєте їх постійно на Web-сайтах, де вони представляють підсумки порівняння результатів політичних виборів, спортивної статистики, порівняння цін, таблиці розмірів, або інші дані. <br /> Раніше, в доісторичні часи Інтернет, перш ніж CSS став популярний як засіб поділу подання та структури HTML, таблиці використовувалися як засіб компонування Web-сторінок – для створення стовпців, боксів і загальної організації контенту. Це неправильний спосіб вирішення цих питань; використання таблиць для компонування призводить до громіздких, безладних сторінок з безліччю вкладених одна в одну таблиць – тобто великі розміри файлів, труднощі з обслуговуванням, труднощі з модифікацією після створення. Можна до цього часу бачити в Web такі сайти, але сьогодні необхідно використовувати таблиці тільки для того,для чого вони призначені – табличних даних – і використовувати CSS для управління компоновкою.<br /> Тут ми розглянемо, як правильно використовувати таблиці HTML – стаття має наступну структуру: <ul><li>Найбільша загальна таблиця</li><li>Додавання деяких властивостей</li><li>Додаткова структуризація таблиці</li><li>Допомога CSS: поліпшення вигляду таблиці</li></ul>",
      "available": false,
      "resources": [
        {
          "type": "video",
          "name": "Модуль 3. Відео.",
          "url": "https://www.youtube.com/embed/wP-rdXEaVIM"
        },
        {
          "type": "zip",
          "name": "Модуль 3. Конспект.",
          "url": "/web-resources/forms.zip"
        }
      ]
    },
    {
      "id": 4,
      "courseId": 1,
      "name": "Модуль 4. Flat UI Theme and HUD",
      "description": "header - тег представляє собою набір початкових даних і певної навігації. В ньому розміщюють логотипи, заголовки, посилання на сайт, а інколи і меню навігації по сайту. Тобто цей елемент - це \"шапка\" веб-сторінки. article - тег який тепер буде дуже поширений=) Він відповідає статті, запису в блозі, замітці, новині. Все що відноситься, н-д, до вашої статті на сайті повинне бути включене в цей тег(тобто це і заголовок статті, дата, сам контент, а також коментарі). Щодо коментарів, то вони також окремі, але вкладені в основний. footer - назва говорить сама за себе, це нижня частина сайту, де зазвичай розміщюють авторські права, додаткову інформацію, лічильники. nav - тег виділяє панель навігації по сайту, меню.  На сторінці може бути декілька таких елементів. section - з допомогою нього можна розділяти веб-сторінку на певні тематичні розділи або розділіти статтю на розділи. Як правило має власний заголовок. Тег aside використовується для контенту, який повинен розміщуватись окремо від основного. Це може бути бокова панель, частина сторінки перед footer абощо. В тезі можна розміщувати меню, рекламу та інший додатковий контент.",
      "available": false,
      "resources": [
        {
          "type": "video",
          "name": "Модуль 4. Відео.",
          "url": "https://www.youtube.com/embed/a-dq0MsQ43I"
        },
        {
          "type": "zip",
          "name": "Модуль 4. Конспект.",
          "url": "/web-resources/forms.zip"
        }
      ]
    },
    {
      "id": 5,
      "courseId": 1,
      "name": "Модуль 5. Flat UI Pro Integration",
      "description": "Основным инструментом работы и динамических изменений на странице является DOM (Document Object Model) — объектная модель, используемая для XML/HTML-документов.<br />Согласно DOM-модели, документ является иерархией, деревом. Каждый HTML-тег образует узел дерева с типом «элемент». Вложенные в него теги становятся дочерними узлами. Для представления текста создаются узлы с типом «текст».<br />DOM — это представление документа в виде дерева объектов, доступное для изменения через JavaScript.",
      "available": false,
      "resources": [
        {
          "type": "video",
          "name": "Модуль 5. Відео.",
          "url": "https://www.youtube.com/embed/vpqm2fPEzbI"
        },
        {
          "type": "zip",
          "name": "Модуль 5. Конспект.",
          "url": "/web-resources/forms.zip"
        }
      ]
    },
    {
      "id": 6,
      "courseId": 1,
      "name": "Екзаменаційне завдання",
      "description": "На екзамен виносяться вузлові теоретичні питання, розрахункові задачі, проблемні ситуації, професійні завдання, що потребують творчої відповіді та вміння синтезувати набуті знання і використовувати їх для вирішення практичних задач тощо.",
      "available": false,
      "resources": [
        {
          "type": "pdf",
          "name": "Приклади екзаменаційних завдань",
          "url": "/web-resources/forms.zip"
        }
      ]
    },
    {
      "id": 1,
      "courseId": 2,
      "name": "Модуль 1. Способи додавання стилів",
      "description": "\"Теги\"? Теги це мітки, які ви використовуєте для вказівки браузеру, як він повинен показувати ваш web-сайт. Всі теги мають однаковий формат: вони починаються знаком \"&lt;\" і закінчуються знаком sign \"&gt;\". Зазвичай є два теги - відкриваючий: &lt;html&gt; і закриваючий: &lt;/html&gt;. Різниця в тому, що в закриваючому є слеш \"/\". Весь вміст, що вміщено між відкриваючими і закриваючими тегами, є вмістом тега. Але, як то кажуть, в кожному правилі є винятки, і в HTML також є теги, які є і відкривають, і закривають. Ці теги не містять тексту, а є мітками, наприклад, перенесення рядка виглядає так: &lt;br />. HTML - це теги, і нічого крім тегів. Для вивчення HTML потрібно вивчити різні теги. Наприклад, тег &lt;b&gt; інформує браузер, що весь текст між &lt;b&gt; і &lt;/b&gt; повинен бути надрукований жирним шрифтом. (\"b\" це скорочення від \"bold\".) ",
      "available": true,
      "resources": [
        {
          "type": "video",
          "name": "Модуль 1. Відео.",
          "url": "https://www.youtube.com/embed/LICSA6iJd6w"
        },
        {
          "type": "zip",
          "name": "Модуль 1. Конспект. Частина 1.",
          "url": "/web-resources/forms.zip"
        },
        {
          "type": "zip",
          "name": "Модуль 1. Конспект. Частина 2.",
          "url": "/web-resources/forms.zip"
        }
      ]
    },
    {
      "id": 2,
      "courseId": 2,
      "name": "Модуль 2. Селектори",
      "description": "Форма в мережі є будь-якою областю на сторінці Web, де можна ввести інформацію, наприклад, введення тексту або чисел у текстовому полі, постановка прапорця, встановлення радіо-кнопки або вибір варіанта зі списку. Потім форма, після натискання на кнопку відправки, надсилається на Web-сайт. Використання форм в Web зустрічається повсюдно: для введення імен користувачів і паролів на екрані реєстрації, коментарі в блозі, заповнення профілю на сайті соціальної мережі або повідомлення інформації для рахунку на сайті магазина. Створити форму легко, але як щодо відповідності форми стандартам Web? До даного моменту, якщо ви пропрацювали навчальний курс за стандартами Web, будемо сподіватися, що ви вже переконалися, що стандарти Web є способом руху вперед. Код, який необхідно створити для доступної форми відповідно до стандартів, вимагає не більше роботи для реалізації, ніж неохайна форма.Тому, давайте почнемо з самої основної та простої форми, яку хтось, можливо, захоче використати, і після цього потроху будемо її ускладнювати – у цій лекції будуть розглянуті всі основні елементи, які необхідно знати для створення елегантної, доступної форми з допомогою HTML.",
      "available": false,
      "resources": [
        {
          "type": "video",
          "name": "Модуль 2. Відео.",
          "url": "https://www.youtube.com/embed/Y_dsckWhclE"
        },
        {
          "type": "zip",
          "name": "Модуль 2. Конспект.",
          "url": "/web-resources/forms.zip"
        }
      ]
    },
    {
      "id": 3,
      "courseId": 2,
      "name": "Модуль 3. Ідентифіккатори",
      "description": "Як використовувати стандарти Web для організації безлічі даних? Сама ідея множини вкладених елементів, необхідних для перетворення всіх даних в симпатичні рядки та клітинки, повинна привести мозок у стан тривоги, але на щастя рішення є – на допомогу приходять таблиці! <br /> У Web-дизайні таблиці є хорошим способом організації даних в табличній формі. Іншими словами, завдяки таблицям, діаграмам та іншій графічній інформації, яка допомагає побачити і перетворити великий обсяг інформації в зведення, яке дозволяє порівнювати і зіставляти різні фрагменти даних. Ви зустрічаєте їх постійно на Web-сайтах, де вони представляють підсумки порівняння результатів політичних виборів, спортивної статистики, порівняння цін, таблиці розмірів, або інші дані. <br /> Раніше, в доісторичні часи Інтернет, перш ніж CSS став популярний як засіб поділу подання та структури HTML, таблиці використовувалися як засіб компонування Web-сторінок – для створення стовпців, боксів і загальної організації контенту. Це неправильний спосіб вирішення цих питань; використання таблиць для компонування призводить до громіздких, безладних сторінок з безліччю вкладених одна в одну таблиць – тобто великі розміри файлів, труднощі з обслуговуванням, труднощі з модифікацією після створення. Можна до цього часу бачити в Web такі сайти, але сьогодні необхідно використовувати таблиці тільки для того,для чого вони призначені – табличних даних – і використовувати CSS для управління компоновкою.<br /> Тут ми розглянемо, як правильно використовувати таблиці HTML – стаття має наступну структуру: <ul><li>Найбільша загальна таблиця</li><li>Додавання деяких властивостей</li><li>Додаткова структуризація таблиці</li><li>Допомога CSS: поліпшення вигляду таблиці</li></ul>",
      "available": false,
      "resources": [
        {
          "type": "video",
          "name": "Модуль 3. Відео.",
          "url": "https://www.youtube.com/embed/wP-rdXEaVIM"
        },
        {
          "type": "zip",
          "name": "Модуль 3. Конспект.",
          "url": "/web-resources/forms.zip"
        }
      ]
    },
    {
      "id": 4,
      "courseId": 2,
      "name": "Модуль 4. Псевдокласи",
      "description": "header - тег представляє собою набір початкових даних і певної навігації. В ньому розміщюють логотипи, заголовки, посилання на сайт, а інколи і меню навігації по сайту. Тобто цей елемент - це \"шапка\" веб-сторінки. article - тег який тепер буде дуже поширений=) Він відповідає статті, запису в блозі, замітці, новині. Все що відноситься, н-д, до вашої статті на сайті повинне бути включене в цей тег(тобто це і заголовок статті, дата, сам контент, а також коментарі). Щодо коментарів, то вони також окремі, але вкладені в основний. footer - назва говорить сама за себе, це нижня частина сайту, де зазвичай розміщюють авторські права, додаткову інформацію, лічильники. nav - тег виділяє панель навігації по сайту, меню.  На сторінці може бути декілька таких елементів. section - з допомогою нього можна розділяти веб-сторінку на певні тематичні розділи або розділіти статтю на розділи. Як правило має власний заголовок. Тег aside використовується для контенту, який повинен розміщуватись окремо від основного. Це може бути бокова панель, частина сторінки перед footer абощо. В тезі можна розміщувати меню, рекламу та інший додатковий контент.",
      "available": false,
      "resources": [
        {
          "type": "video",
          "name": "Модуль 4. Відео.",
          "url": "https://www.youtube.com/embed/a-dq0MsQ43I"
        },
        {
          "type": "zip",
          "name": "Модуль 4. Конспект.",
          "url": "/web-resources/forms.zip"
        }
      ]
    },
    {
      "id": 5,
      "courseId": 2,
      "name": "Модуль 5. Наслідування",
      "description": "Основным инструментом работы и динамических изменений на странице является DOM (Document Object Model) — объектная модель, используемая для XML/HTML-документов.<br />Согласно DOM-модели, документ является иерархией, деревом. Каждый HTML-тег образует узел дерева с типом «элемент». Вложенные в него теги становятся дочерними узлами. Для представления текста создаются узлы с типом «текст».<br />DOM — это представление документа в виде дерева объектов, доступное для изменения через JavaScript.",
      "available": false,
      "resources": [
        {
          "type": "video",
          "name": "Модуль 5. Відео.",
          "url": "https://www.youtube.com/embed/vpqm2fPEzbI"
        },
        {
          "type": "zip",
          "name": "Модуль 5. Конспект.",
          "url": "/web-resources/forms.zip"
        }
      ]
    },
    {
      "id": 6,
      "courseId": 2,
      "name": "Екзаменаційне завдання",
      "description": "На екзамен виносяться вузлові теоретичні питання, розрахункові задачі, проблемні ситуації, професійні завдання, що потребують творчої відповіді та вміння синтезувати набуті знання і використовувати їх для вирішення практичних задач тощо.",
      "available": false,
      "resources": [
        {
          "type": "pdf",
          "name": "Приклади екзаменаційних завдань",
          "url": "/web-resources/forms.zip"
        }
      ]
    },
    {
      "id": 1,
      "courseId": 3,
      "name": "Модуль 1.Теги: поняття, типи, підтримка",
      "description": "\"Теги\"? Теги це мітки, які ви використовуєте для вказівки браузеру, як він повинен показувати ваш web-сайт. Всі теги мають однаковий формат: вони починаються знаком \"&lt;\" і закінчуються знаком sign \"&gt;\". Зазвичай є два теги - відкриваючий: &lt;html&gt; і закриваючий: &lt;/html&gt;. Різниця в тому, що в закриваючому є слеш \"/\". Весь вміст, що вміщено між відкриваючими і закриваючими тегами, є вмістом тега. Але, як то кажуть, в кожному правилі є винятки, і в HTML також є теги, які є і відкривають, і закривають. Ці теги не містять тексту, а є мітками, наприклад, перенесення рядка виглядає так: &lt;br />. HTML - це теги, і нічого крім тегів. Для вивчення HTML потрібно вивчити різні теги. Наприклад, тег &lt;b&gt; інформує браузер, що весь текст між &lt;b&gt; і &lt;/b&gt; повинен бути надрукований жирним шрифтом. (\"b\" це скорочення від \"bold\".) ",
      "available": true,
      "resources": [
        {
          "type": "video",
          "name": "Модуль 1. Відео.",
          "url": "https://www.youtube.com/embed/LICSA6iJd6w"
        },
        {
          "type": "zip",
          "name": "Модуль 1. Конспект. Частина 1.",
          "url": "/web-resources/forms.zip"
        },
        {
          "type": "zip",
          "name": "Модуль 1. Конспект. Частина 2.",
          "url": "/web-resources/forms.zip"
        }
      ]
    },
    {
      "id": 2,
      "courseId": 3,
      "name": "Модуль 2. Форми",
      "description": "Форма в мережі є будь-якою областю на сторінці Web, де можна ввести інформацію, наприклад, введення тексту або чисел у текстовому полі, постановка прапорця, встановлення радіо-кнопки або вибір варіанта зі списку. Потім форма, після натискання на кнопку відправки, надсилається на Web-сайт. Використання форм в Web зустрічається повсюдно: для введення імен користувачів і паролів на екрані реєстрації, коментарі в блозі, заповнення профілю на сайті соціальної мережі або повідомлення інформації для рахунку на сайті магазина. Створити форму легко, але як щодо відповідності форми стандартам Web? До даного моменту, якщо ви пропрацювали навчальний курс за стандартами Web, будемо сподіватися, що ви вже переконалися, що стандарти Web є способом руху вперед. Код, який необхідно створити для доступної форми відповідно до стандартів, вимагає не більше роботи для реалізації, ніж неохайна форма.Тому, давайте почнемо з самої основної та простої форми, яку хтось, можливо, захоче використати, і після цього потроху будемо її ускладнювати – у цій лекції будуть розглянуті всі основні елементи, які необхідно знати для створення елегантної, доступної форми з допомогою HTML.",
      "available": false,
      "resources": [
        {
          "type": "video",
          "name": "Модуль 2. Відео.",
          "url": "https://www.youtube.com/embed/Y_dsckWhclE"
        },
        {
          "type": "zip",
          "name": "Модуль 2. Конспект.",
          "url": "/web-resources/forms.zip"
        }
      ]
    },
    {
      "id": 3,
      "courseId": 3,
      "name": "Модуль 3. Таблиці",
      "description": "Як використовувати стандарти Web для організації безлічі даних? Сама ідея множини вкладених елементів, необхідних для перетворення всіх даних в симпатичні рядки та клітинки, повинна привести мозок у стан тривоги, але на щастя рішення є – на допомогу приходять таблиці! <br /> У Web-дизайні таблиці є хорошим способом організації даних в табличній формі. Іншими словами, завдяки таблицям, діаграмам та іншій графічній інформації, яка допомагає побачити і перетворити великий обсяг інформації в зведення, яке дозволяє порівнювати і зіставляти різні фрагменти даних. Ви зустрічаєте їх постійно на Web-сайтах, де вони представляють підсумки порівняння результатів політичних виборів, спортивної статистики, порівняння цін, таблиці розмірів, або інші дані. <br /> Раніше, в доісторичні часи Інтернет, перш ніж CSS став популярний як засіб поділу подання та структури HTML, таблиці використовувалися як засіб компонування Web-сторінок – для створення стовпців, боксів і загальної організації контенту. Це неправильний спосіб вирішення цих питань; використання таблиць для компонування призводить до громіздких, безладних сторінок з безліччю вкладених одна в одну таблиць – тобто великі розміри файлів, труднощі з обслуговуванням, труднощі з модифікацією після створення. Можна до цього часу бачити в Web такі сайти, але сьогодні необхідно використовувати таблиці тільки для того,для чого вони призначені – табличних даних – і використовувати CSS для управління компоновкою.<br /> Тут ми розглянемо, як правильно використовувати таблиці HTML – стаття має наступну структуру: <ul><li>Найбільша загальна таблиця</li><li>Додавання деяких властивостей</li><li>Додаткова структуризація таблиці</li><li>Допомога CSS: поліпшення вигляду таблиці</li></ul>",
      "available": false,
      "resources": [
        {
          "type": "video",
          "name": "Модуль 3. Відео.",
          "url": "https://www.youtube.com/embed/wP-rdXEaVIM"
        },
        {
          "type": "zip",
          "name": "Модуль 3. Конспект.",
          "url": "/web-resources/forms.zip"
        }
      ]
    },
    {
      "id": 4,
      "courseId": 3,
      "name": "Модуль 4. Спеціальні теги HTML 5",
      "description": "header - тег представляє собою набір початкових даних і певної навігації. В ньому розміщюють логотипи, заголовки, посилання на сайт, а інколи і меню навігації по сайту. Тобто цей елемент - це \"шапка\" веб-сторінки. article - тег який тепер буде дуже поширений=) Він відповідає статті, запису в блозі, замітці, новині. Все що відноситься, н-д, до вашої статті на сайті повинне бути включене в цей тег(тобто це і заголовок статті, дата, сам контент, а також коментарі). Щодо коментарів, то вони також окремі, але вкладені в основний. footer - назва говорить сама за себе, це нижня частина сайту, де зазвичай розміщюють авторські права, додаткову інформацію, лічильники. nav - тег виділяє панель навігації по сайту, меню.  На сторінці може бути декілька таких елементів. section - з допомогою нього можна розділяти веб-сторінку на певні тематичні розділи або розділіти статтю на розділи. Як правило має власний заголовок. Тег aside використовується для контенту, який повинен розміщуватись окремо від основного. Це може бути бокова панель, частина сторінки перед footer абощо. В тезі можна розміщувати меню, рекламу та інший додатковий контент.",
      "available": false,
      "resources": [
        {
          "type": "video",
          "name": "Модуль 4. Відео.",
          "url": "https://www.youtube.com/embed/a-dq0MsQ43I"
        },
        {
          "type": "zip",
          "name": "Модуль 4. Конспект.",
          "url": "/web-resources/forms.zip"
        }
      ]
    },
    {
      "id": 5,
      "courseId": 3,
      "name": "Модуль 5. Побудова оптимізованого DOM дерева",
      "description": "Основным инструментом работы и динамических изменений на странице является DOM (Document Object Model) — объектная модель, используемая для XML/HTML-документов.<br />Согласно DOM-модели, документ является иерархией, деревом. Каждый HTML-тег образует узел дерева с типом «элемент». Вложенные в него теги становятся дочерними узлами. Для представления текста создаются узлы с типом «текст».<br />DOM — это представление документа в виде дерева объектов, доступное для изменения через JavaScript.",
      "available": false,
      "resources": [
        {
          "type": "video",
          "name": "Модуль 5. Відео.",
          "url": "https://www.youtube.com/embed/vpqm2fPEzbI"
        },
        {
          "type": "zip",
          "name": "Модуль 5. Конспект.",
          "url": "/web-resources/forms.zip"
        }
      ]
    },
    {
      "id": 6,
      "courseId": 3,
      "name": "Екзаменаційне завдання",
      "description": "На екзамен виносяться вузлові теоретичні питання, розрахункові задачі, проблемні ситуації, професійні завдання, що потребують творчої відповіді та вміння синтезувати набуті знання і використовувати їх для вирішення практичних задач тощо.",
      "available": false,
      "resources": [
        {
          "type": "pdf",
          "name": "Приклади екзаменаційних завдань",
          "url": "/web-resources/forms.zip"
        }
      ]
    },
    {
      "id": 1,
      "courseId": 4,
      "name": "Модуль 1. Встановлення і налаштування середовища",
      "description": "\"Теги\"? Теги це мітки, які ви використовуєте для вказівки браузеру, як він повинен показувати ваш web-сайт. Всі теги мають однаковий формат: вони починаються знаком \"&lt;\" і закінчуються знаком sign \"&gt;\". Зазвичай є два теги - відкриваючий: &lt;html&gt; і закриваючий: &lt;/html&gt;. Різниця в тому, що в закриваючому є слеш \"/\". Весь вміст, що вміщено між відкриваючими і закриваючими тегами, є вмістом тега. Але, як то кажуть, в кожному правилі є винятки, і в HTML також є теги, які є і відкривають, і закривають. Ці теги не містять тексту, а є мітками, наприклад, перенесення рядка виглядає так: &lt;br />. HTML - це теги, і нічого крім тегів. Для вивчення HTML потрібно вивчити різні теги. Наприклад, тег &lt;b&gt; інформує браузер, що весь текст між &lt;b&gt; і &lt;/b&gt; повинен бути надрукований жирним шрифтом. (\"b\" це скорочення від \"bold\".) ",
      "available": true,
      "resources": [
        {
          "type": "video",
          "name": "Модуль 1. Відео.",
          "url": "https://www.youtube.com/embed/LICSA6iJd6w"
        },
        {
          "type": "zip",
          "name": "Модуль 1. Конспект. Частина 1.",
          "url": "/web-resources/forms.zip"
        },
        {
          "type": "zip",
          "name": "Модуль 1. Конспект. Частина 2.",
          "url": "/web-resources/forms.zip"
        }
      ]
    },
    {
      "id": 2,
      "courseId": 4,
      "name": "Модуль 2. Вступ в класи та методи",
      "description": "Форма в мережі є будь-якою областю на сторінці Web, де можна ввести інформацію, наприклад, введення тексту або чисел у текстовому полі, постановка прапорця, встановлення радіо-кнопки або вибір варіанта зі списку. Потім форма, після натискання на кнопку відправки, надсилається на Web-сайт. Використання форм в Web зустрічається повсюдно: для введення імен користувачів і паролів на екрані реєстрації, коментарі в блозі, заповнення профілю на сайті соціальної мережі або повідомлення інформації для рахунку на сайті магазина. Створити форму легко, але як щодо відповідності форми стандартам Web? До даного моменту, якщо ви пропрацювали навчальний курс за стандартами Web, будемо сподіватися, що ви вже переконалися, що стандарти Web є способом руху вперед. Код, який необхідно створити для доступної форми відповідно до стандартів, вимагає не більше роботи для реалізації, ніж неохайна форма.Тому, давайте почнемо з самої основної та простої форми, яку хтось, можливо, захоче використати, і після цього потроху будемо її ускладнювати – у цій лекції будуть розглянуті всі основні елементи, які необхідно знати для створення елегантної, доступної форми з допомогою HTML.",
      "available": false,
      "resources": [
        {
          "type": "video",
          "name": "Модуль 2. Відео.",
          "url": "https://www.youtube.com/embed/Y_dsckWhclE"
        },
        {
          "type": "zip",
          "name": "Модуль 2. Конспект.",
          "url": "/web-resources/forms.zip"
        }
      ]
    },
    {
      "id": 3,
      "courseId": 4,
      "name": "Модуль 3. Керування порядком виконання",
      "description": "Як використовувати стандарти Web для організації безлічі даних? Сама ідея множини вкладених елементів, необхідних для перетворення всіх даних в симпатичні рядки та клітинки, повинна привести мозок у стан тривоги, але на щастя рішення є – на допомогу приходять таблиці! <br /> У Web-дизайні таблиці є хорошим способом організації даних в табличній формі. Іншими словами, завдяки таблицям, діаграмам та іншій графічній інформації, яка допомагає побачити і перетворити великий обсяг інформації в зведення, яке дозволяє порівнювати і зіставляти різні фрагменти даних. Ви зустрічаєте їх постійно на Web-сайтах, де вони представляють підсумки порівняння результатів політичних виборів, спортивної статистики, порівняння цін, таблиці розмірів, або інші дані. <br /> Раніше, в доісторичні часи Інтернет, перш ніж CSS став популярний як засіб поділу подання та структури HTML, таблиці використовувалися як засіб компонування Web-сторінок – для створення стовпців, боксів і загальної організації контенту. Це неправильний спосіб вирішення цих питань; використання таблиць для компонування призводить до громіздких, безладних сторінок з безліччю вкладених одна в одну таблиць – тобто великі розміри файлів, труднощі з обслуговуванням, труднощі з модифікацією після створення. Можна до цього часу бачити в Web такі сайти, але сьогодні необхідно використовувати таблиці тільки для того,для чого вони призначені – табличних даних – і використовувати CSS для управління компоновкою.<br /> Тут ми розглянемо, як правильно використовувати таблиці HTML – стаття має наступну структуру: <ul><li>Найбільша загальна таблиця</li><li>Додавання деяких властивостей</li><li>Додаткова структуризація таблиці</li><li>Допомога CSS: поліпшення вигляду таблиці</li></ul>",
      "available": false,
      "resources": [
        {
          "type": "video",
          "name": "Модуль 3. Відео.",
          "url": "https://www.youtube.com/embed/wP-rdXEaVIM"
        },
        {
          "type": "zip",
          "name": "Модуль 3. Конспект.",
          "url": "/web-resources/forms.zip"
        }
      ]
    },
    {
      "id": 4,
      "courseId": 4,
      "name": "Модуль 4. Масиви",
      "description": "header - тег представляє собою набір початкових даних і певної навігації. В ньому розміщюють логотипи, заголовки, посилання на сайт, а інколи і меню навігації по сайту. Тобто цей елемент - це \"шапка\" веб-сторінки. article - тег який тепер буде дуже поширений=) Він відповідає статті, запису в блозі, замітці, новині. Все що відноситься, н-д, до вашої статті на сайті повинне бути включене в цей тег(тобто це і заголовок статті, дата, сам контент, а також коментарі). Щодо коментарів, то вони також окремі, але вкладені в основний. footer - назва говорить сама за себе, це нижня частина сайту, де зазвичай розміщюють авторські права, додаткову інформацію, лічильники. nav - тег виділяє панель навігації по сайту, меню.  На сторінці може бути декілька таких елементів. section - з допомогою нього можна розділяти веб-сторінку на певні тематичні розділи або розділіти статтю на розділи. Як правило має власний заголовок. Тег aside використовується для контенту, який повинен розміщуватись окремо від основного. Це може бути бокова панель, частина сторінки перед footer абощо. В тезі можна розміщувати меню, рекламу та інший додатковий контент.",
      "available": false,
      "resources": [
        {
          "type": "video",
          "name": "Модуль 4. Відео.",
          "url": "https://www.youtube.com/embed/a-dq0MsQ43I"
        },
        {
          "type": "zip",
          "name": "Модуль 4. Конспект.",
          "url": "/web-resources/forms.zip"
        }
      ]
    },
    {
      "id": 5,
      "courseId": 4,
      "name": "Модуль 5. Стрічки",
      "description": "Основным инструментом работы и динамических изменений на странице является DOM (Document Object Model) — объектная модель, используемая для XML/HTML-документов.<br />Согласно DOM-модели, документ является иерархией, деревом. Каждый HTML-тег образует узел дерева с типом «элемент». Вложенные в него теги становятся дочерними узлами. Для представления текста создаются узлы с типом «текст».<br />DOM — это представление документа в виде дерева объектов, доступное для изменения через JavaScript.",
      "available": false,
      "resources": [
        {
          "type": "video",
          "name": "Модуль 5. Відео.",
          "url": "https://www.youtube.com/embed/vpqm2fPEzbI"
        },
        {
          "type": "zip",
          "name": "Модуль 5. Конспект.",
          "url": "/web-resources/forms.zip"
        }
      ]
    },
    {
      "id": 6,
      "courseId": 4,
      "name": "Екзаменаційне завдання",
      "description": "На екзамен виносяться вузлові теоретичні питання, розрахункові задачі, проблемні ситуації, професійні завдання, що потребують творчої відповіді та вміння синтезувати набуті знання і використовувати їх для вирішення практичних задач тощо.",
      "available": false,
      "resources": [
        {
          "type": "pdf",
          "name": "Приклади екзаменаційних завдань",
          "url": "/web-resources/forms.zip"
        }
      ]
    },
    {
      "id": 1,
      "courseId": 5,
      "name": "Модуль 1.Вступ до ASP.NET",
      "description": "\"Теги\"? Теги це мітки, які ви використовуєте для вказівки браузеру, як він повинен показувати ваш web-сайт. Всі теги мають однаковий формат: вони починаються знаком \"&lt;\" і закінчуються знаком sign \"&gt;\". Зазвичай є два теги - відкриваючий: &lt;html&gt; і закриваючий: &lt;/html&gt;. Різниця в тому, що в закриваючому є слеш \"/\". Весь вміст, що вміщено між відкриваючими і закриваючими тегами, є вмістом тега. Але, як то кажуть, в кожному правилі є винятки, і в HTML також є теги, які є і відкривають, і закривають. Ці теги не містять тексту, а є мітками, наприклад, перенесення рядка виглядає так: &lt;br />. HTML - це теги, і нічого крім тегів. Для вивчення HTML потрібно вивчити різні теги. Наприклад, тег &lt;b&gt; інформує браузер, що весь текст між &lt;b&gt; і &lt;/b&gt; повинен бути надрукований жирним шрифтом. (\"b\" це скорочення від \"bold\".) ",
      "available": true,
      "resources": [
        {
          "type": "video",
          "name": "Модуль 1. Відео.",
          "url": "https://www.youtube.com/embed/VU-NObnc2jA"
        },
        {
          "type": "zip",
          "name": "Модуль 1. Конспект. Частина 1.",
          "url": "/web-resources/forms.zip"
        },
        {
          "type": "zip",
          "name": "Модуль 1. Конспект. Частина 2.",
          "url": "/web-resources/forms.zip"
        }
      ]
    },
    {
      "id": 2,
      "courseId": 5,
      "name": "Модуль 2. Строінка та клас Page",
      "description": "Форма в мережі є будь-якою областю на сторінці Web, де можна ввести інформацію, наприклад, введення тексту або чисел у текстовому полі, постановка прапорця, встановлення радіо-кнопки або вибір варіанта зі списку. Потім форма, після натискання на кнопку відправки, надсилається на Web-сайт. Використання форм в Web зустрічається повсюдно: для введення імен користувачів і паролів на екрані реєстрації, коментарі в блозі, заповнення профілю на сайті соціальної мережі або повідомлення інформації для рахунку на сайті магазина. Створити форму легко, але як щодо відповідності форми стандартам Web? До даного моменту, якщо ви пропрацювали навчальний курс за стандартами Web, будемо сподіватися, що ви вже переконалися, що стандарти Web є способом руху вперед. Код, який необхідно створити для доступної форми відповідно до стандартів, вимагає не більше роботи для реалізації, ніж неохайна форма.Тому, давайте почнемо з самої основної та простої форми, яку хтось, можливо, захоче використати, і після цього потроху будемо її ускладнювати – у цій лекції будуть розглянуті всі основні елементи, які необхідно знати для створення елегантної, доступної форми з допомогою HTML.",
      "available": false,
      "resources": [
        {
          "type": "video",
          "name": "Модуль 2. Відео.",
          "url": "https://www.youtube.com/embed/Y_dsckWhclE"
        },
        {
          "type": "zip",
          "name": "Модуль 2. Конспект.",
          "url": "/web-resources/forms.zip"
        }
      ]
    },
    {
      "id": 3,
      "courseId": 5,
      "name": "Модуль 3. Зберігання стану",
      "description": "Як використовувати стандарти Web для організації безлічі даних? Сама ідея множини вкладених елементів, необхідних для перетворення всіх даних в симпатичні рядки та клітинки, повинна привести мозок у стан тривоги, але на щастя рішення є – на допомогу приходять таблиці! <br /> У Web-дизайні таблиці є хорошим способом організації даних в табличній формі. Іншими словами, завдяки таблицям, діаграмам та іншій графічній інформації, яка допомагає побачити і перетворити великий обсяг інформації в зведення, яке дозволяє порівнювати і зіставляти різні фрагменти даних. Ви зустрічаєте їх постійно на Web-сайтах, де вони представляють підсумки порівняння результатів політичних виборів, спортивної статистики, порівняння цін, таблиці розмірів, або інші дані. <br /> Раніше, в доісторичні часи Інтернет, перш ніж CSS став популярний як засіб поділу подання та структури HTML, таблиці використовувалися як засіб компонування Web-сторінок – для створення стовпців, боксів і загальної організації контенту. Це неправильний спосіб вирішення цих питань; використання таблиць для компонування призводить до громіздких, безладних сторінок з безліччю вкладених одна в одну таблиць – тобто великі розміри файлів, труднощі з обслуговуванням, труднощі з модифікацією після створення. Можна до цього часу бачити в Web такі сайти, але сьогодні необхідно використовувати таблиці тільки для того,для чого вони призначені – табличних даних – і використовувати CSS для управління компоновкою.<br /> Тут ми розглянемо, як правильно використовувати таблиці HTML – стаття має наступну структуру: <ul><li>Найбільша загальна таблиця</li><li>Додавання деяких властивостей</li><li>Додаткова структуризація таблиці</li><li>Допомога CSS: поліпшення вигляду таблиці</li></ul>",
      "available": false,
      "resources": [
        {
          "type": "video",
          "name": "Модуль 3. Відео.",
          "url": "https://www.youtube.com/embed/wP-rdXEaVIM"
        },
        {
          "type": "zip",
          "name": "Модуль 3. Конспект.",
          "url": "/web-resources/forms.zip"
        }
      ]
    },
    {
      "id": 4,
      "courseId": 5,
      "name": "Модуль 4. Базові елементи управління",
      "description": "header - тег представляє собою набір початкових даних і певної навігації. В ньому розміщюють логотипи, заголовки, посилання на сайт, а інколи і меню навігації по сайту. Тобто цей елемент - це \"шапка\" веб-сторінки. article - тег який тепер буде дуже поширений=) Він відповідає статті, запису в блозі, замітці, новині. Все що відноситься, н-д, до вашої статті на сайті повинне бути включене в цей тег(тобто це і заголовок статті, дата, сам контент, а також коментарі). Щодо коментарів, то вони також окремі, але вкладені в основний. footer - назва говорить сама за себе, це нижня частина сайту, де зазвичай розміщюють авторські права, додаткову інформацію, лічильники. nav - тег виділяє панель навігації по сайту, меню.  На сторінці може бути декілька таких елементів. section - з допомогою нього можна розділяти веб-сторінку на певні тематичні розділи або розділіти статтю на розділи. Як правило має власний заголовок. Тег aside використовується для контенту, який повинен розміщуватись окремо від основного. Це може бути бокова панель, частина сторінки перед footer абощо. В тезі можна розміщувати меню, рекламу та інший додатковий контент.",
      "available": false,
      "resources": [
        {
          "type": "video",
          "name": "Модуль 4. Відео.",
          "url": "https://www.youtube.com/embed/a-dq0MsQ43I"
        },
        {
          "type": "zip",
          "name": "Модуль 4. Конспект.",
          "url": "/web-resources/forms.zip"
        }
      ]
    },
    {
      "id": 5,
      "courseId": 5,
      "name": "Модуль 5. Прив'язка данних",
      "description": "Основным инструментом работы и динамических изменений на странице является DOM (Document Object Model) — объектная модель, используемая для XML/HTML-документов.<br />Согласно DOM-модели, документ является иерархией, деревом. Каждый HTML-тег образует узел дерева с типом «элемент». Вложенные в него теги становятся дочерними узлами. Для представления текста создаются узлы с типом «текст».<br />DOM — это представление документа в виде дерева объектов, доступное для изменения через JavaScript.",
      "available": false,
      "resources": [
        {
          "type": "video",
          "name": "Модуль 5. Відео.",
          "url": "https://www.youtube.com/embed/vpqm2fPEzbI"
        },
        {
          "type": "zip",
          "name": "Модуль 5. Конспект.",
          "url": "/web-resources/forms.zip"
        }
      ]
    },
    {
      "id": 6,
      "courseId": 5,
      "name": "Екзаменаційне завдання",
      "description": "На екзамен виносяться вузлові теоретичні питання, розрахункові задачі, проблемні ситуації, професійні завдання, що потребують творчої відповіді та вміння синтезувати набуті знання і використовувати їх для вирішення практичних задач тощо.",
      "available": false,
      "resources": [
        {
          "type": "pdf",
          "name": "Приклади екзаменаційних завдань",
          "url": "/web-resources/forms.zip"
        }
      ]
    },
    {
      "id": 1,
      "courseId": 6,
      "name": "Модуль 1.Теорія дизайну",
      "description": "\"Теги\"? Теги це мітки, які ви використовуєте для вказівки браузеру, як він повинен показувати ваш web-сайт. Всі теги мають однаковий формат: вони починаються знаком \"&lt;\" і закінчуються знаком sign \"&gt;\". Зазвичай є два теги - відкриваючий: &lt;html&gt; і закриваючий: &lt;/html&gt;. Різниця в тому, що в закриваючому є слеш \"/\". Весь вміст, що вміщено між відкриваючими і закриваючими тегами, є вмістом тега. Але, як то кажуть, в кожному правилі є винятки, і в HTML також є теги, які є і відкривають, і закривають. Ці теги не містять тексту, а є мітками, наприклад, перенесення рядка виглядає так: &lt;br />. HTML - це теги, і нічого крім тегів. Для вивчення HTML потрібно вивчити різні теги. Наприклад, тег &lt;b&gt; інформує браузер, що весь текст між &lt;b&gt; і &lt;/b&gt; повинен бути надрукований жирним шрифтом. (\"b\" це скорочення від \"bold\".) ",
      "available": true,
      "resources": [
        {
          "type": "video",
          "name": "Модуль 1. Відео.",
          "url": "https://www.youtube.com/embed/LICSA6iJd6w"
        },
        {
          "type": "zip",
          "name": "Модуль 1. Конспект. Частина 1.",
          "url": "/web-resources/forms.zip"
        },
        {
          "type": "zip",
          "name": "Модуль 1. Конспект. Частина 2.",
          "url": "/web-resources/forms.zip"
        }
      ]
    },
    {
      "id": 2,
      "courseId": 6,
      "name": "Модуль 2. Персони та флови",
      "description": "Форма в мережі є будь-якою областю на сторінці Web, де можна ввести інформацію, наприклад, введення тексту або чисел у текстовому полі, постановка прапорця, встановлення радіо-кнопки або вибір варіанта зі списку. Потім форма, після натискання на кнопку відправки, надсилається на Web-сайт. Використання форм в Web зустрічається повсюдно: для введення імен користувачів і паролів на екрані реєстрації, коментарі в блозі, заповнення профілю на сайті соціальної мережі або повідомлення інформації для рахунку на сайті магазина. Створити форму легко, але як щодо відповідності форми стандартам Web? До даного моменту, якщо ви пропрацювали навчальний курс за стандартами Web, будемо сподіватися, що ви вже переконалися, що стандарти Web є способом руху вперед. Код, який необхідно створити для доступної форми відповідно до стандартів, вимагає не більше роботи для реалізації, ніж неохайна форма.Тому, давайте почнемо з самої основної та простої форми, яку хтось, можливо, захоче використати, і після цього потроху будемо її ускладнювати – у цій лекції будуть розглянуті всі основні елементи, які необхідно знати для створення елегантної, доступної форми з допомогою HTML.",
      "available": false,
      "resources": [
        {
          "type": "video",
          "name": "Модуль 2. Відео.",
          "url": "https://www.youtube.com/embed/Y_dsckWhclE"
        },
        {
          "type": "zip",
          "name": "Модуль 2. Конспект.",
          "url": "/web-resources/forms.zip"
        }
      ]
    },
    {
      "id": 3,
      "courseId": 6,
      "name": "Модуль 3. Інформаційна архітектура",
      "description": "Як використовувати стандарти Web для організації безлічі даних? Сама ідея множини вкладених елементів, необхідних для перетворення всіх даних в симпатичні рядки та клітинки, повинна привести мозок у стан тривоги, але на щастя рішення є – на допомогу приходять таблиці! <br /> У Web-дизайні таблиці є хорошим способом організації даних в табличній формі. Іншими словами, завдяки таблицям, діаграмам та іншій графічній інформації, яка допомагає побачити і перетворити великий обсяг інформації в зведення, яке дозволяє порівнювати і зіставляти різні фрагменти даних. Ви зустрічаєте їх постійно на Web-сайтах, де вони представляють підсумки порівняння результатів політичних виборів, спортивної статистики, порівняння цін, таблиці розмірів, або інші дані. <br /> Раніше, в доісторичні часи Інтернет, перш ніж CSS став популярний як засіб поділу подання та структури HTML, таблиці використовувалися як засіб компонування Web-сторінок – для створення стовпців, боксів і загальної організації контенту. Це неправильний спосіб вирішення цих питань; використання таблиць для компонування призводить до громіздких, безладних сторінок з безліччю вкладених одна в одну таблиць – тобто великі розміри файлів, труднощі з обслуговуванням, труднощі з модифікацією після створення. Можна до цього часу бачити в Web такі сайти, але сьогодні необхідно використовувати таблиці тільки для того,для чого вони призначені – табличних даних – і використовувати CSS для управління компоновкою.<br /> Тут ми розглянемо, як правильно використовувати таблиці HTML – стаття має наступну структуру: <ul><li>Найбільша загальна таблиця</li><li>Додавання деяких властивостей</li><li>Додаткова структуризація таблиці</li><li>Допомога CSS: поліпшення вигляду таблиці</li></ul>",
      "available": false,
      "resources": [
        {
          "type": "video",
          "name": "Модуль 3. Відео.",
          "url": "https://www.youtube.com/embed/wP-rdXEaVIM"
        },
        {
          "type": "zip",
          "name": "Модуль 3. Конспект.",
          "url": "/web-resources/forms.zip"
        }
      ]
    },
    {
      "id": 4,
      "courseId": 6,
      "name": "Модуль 4. Аналіз ідей та конкурентів. Юзабіліті",
      "description": "header - тег представляє собою набір початкових даних і певної навігації. В ньому розміщюють логотипи, заголовки, посилання на сайт, а інколи і меню навігації по сайту. Тобто цей елемент - це \"шапка\" веб-сторінки. article - тег який тепер буде дуже поширений=) Він відповідає статті, запису в блозі, замітці, новині. Все що відноситься, н-д, до вашої статті на сайті повинне бути включене в цей тег(тобто це і заголовок статті, дата, сам контент, а також коментарі). Щодо коментарів, то вони також окремі, але вкладені в основний. footer - назва говорить сама за себе, це нижня частина сайту, де зазвичай розміщюють авторські права, додаткову інформацію, лічильники. nav - тег виділяє панель навігації по сайту, меню.  На сторінці може бути декілька таких елементів. section - з допомогою нього можна розділяти веб-сторінку на певні тематичні розділи або розділіти статтю на розділи. Як правило має власний заголовок. Тег aside використовується для контенту, який повинен розміщуватись окремо від основного. Це може бути бокова панель, частина сторінки перед footer абощо. В тезі можна розміщувати меню, рекламу та інший додатковий контент.",
      "available": false,
      "resources": [
        {
          "type": "video",
          "name": "Модуль 4. Відео.",
          "url": "https://www.youtube.com/embed/a-dq0MsQ43I"
        },
        {
          "type": "zip",
          "name": "Модуль 4. Конспект.",
          "url": "/web-resources/forms.zip"
        }
      ]
    },
    {
      "id": 5,
      "courseId": 6,
      "name": "Модуль 5. Прототипи та паттерни інтерфесів. Wireframes",
      "description": "Основным инструментом работы и динамических изменений на странице является DOM (Document Object Model) — объектная модель, используемая для XML/HTML-документов.<br />Согласно DOM-модели, документ является иерархией, деревом. Каждый HTML-тег образует узел дерева с типом «элемент». Вложенные в него теги становятся дочерними узлами. Для представления текста создаются узлы с типом «текст».<br />DOM — это представление документа в виде дерева объектов, доступное для изменения через JavaScript.",
      "available": false,
      "resources": [
        {
          "type": "video",
          "name": "Модуль 5. Відео.",
          "url": "https://www.youtube.com/embed/vpqm2fPEzbI"
        },
        {
          "type": "zip",
          "name": "Модуль 5. Конспект.",
          "url": "/web-resources/forms.zip"
        }
      ]
    },
    {
      "id": 6,
      "courseId": 6,
      "name": "Екзаменаційне завдання",
      "description": "На екзамен виносяться вузлові теоретичні питання, розрахункові задачі, проблемні ситуації, професійні завдання, що потребують творчої відповіді та вміння синтезувати набуті знання і використовувати їх для вирішення практичних задач тощо.",
      "available": false,
      "resources": [
        {
          "type": "pdf",
          "name": "Приклади екзаменаційних завдань",
          "url": "/web-resources/forms.zip"
        }
      ]
    }
  ],
  "course_groups": [
    {
      "groupId": 1,
      "courseId": 1
    },
    {
      "groupId": 2,
      "courseId": 1
    },
    {
      "groupId": 3,
      "courseId": 2
    },
    {
      "groupId": 1,
      "courseId": 2
    },
    {
      "groupId": 2,
      "courseId": 3
    },
    {
      "groupId": 3,
      "courseId": 3
    },
    {
      "groupId": 1,
      "courseId": 4
    },
    {
      "groupId": 2,
      "courseId": 4
    },
    {
      "groupId": 3,
      "courseId": 5
    },
    {
      "groupId": 1,
      "courseId": 6
    }
  ],
  "groups": [
    {
      "id": 1,
      "name": "Ранкова"
    },
    {
      "id": 2,
      "name": "Денна"
    },
    {
      "id": 3,
      "name": "Вечірня"
    }
  ],
  "areas": [
    {
      "id": 1,
      "name": "UI"
    },
    {
      "id": 2,
      "name": "Java"
    },
    {
      "id": 3,
      "name": ".Net"
    },
    {
      "id": 4,
      "name": "Design"
    }
  ],
  "users": [
    {
      "id": 1,
      "userType": "teacher",
      "name": "Munazza",
      "lastname": "Arivett",
      "email": "buispr@gmail.com",
      "password": "JzjI4e1X",
      "city": "Bella Vista",
      "address": "5662 Turpis Ln",
      "phone": "(881)627-4670",
      "isActive": false
    },
    {
      "id": 2,
      "userType": "teacher",
      "name": "Jeri",
      "lastname": "Geouque",
      "email": "GBowen@consectetur.gov",
      "password": "tgXDXRIf",
      "city": "Middletown",
      "address": "6910 Vestibulum Ct",
      "phone": "(161)571-7447",
      "isActive": true
    },
    {
      "id": 3,
      "userType": "student",
      "name": "Salomon",
      "lastname": "Ellingwood",
      "email": "KCrete@pulvinar.com",
      "password": "vCae1PCG",
      "city": "Chicago",
      "address": "8900 Suspendisse Dr",
      "phone": "(285)797-4136",
      "isActive": false
    },
    {
      "id": 4,
      "userType": "student",
      "name": "Ora",
      "lastname": "Reith",
      "email": "SHawkins@dolor.gov",
      "password": "dcHwQLPW",
      "city": "Saltilo",
      "address": "9559 Molestie St",
      "phone": "(125)958-8389",
      "isActive": true
    },
    {
      "id": 5,
      "userType": "student",
      "name": "Vanita",
      "lastname": "Scheppe",
      "email": "CHaga@lacus.ly",
      "password": "XmT7kFv7",
      "city": "Brookville",
      "address": "8548 Magna Ct",
      "phone": "(737)204-1899",
      "isActive": false
    },
    {
      "id": 6,
      "userType": "student",
      "name": "Renita",
      "lastname": "Haft",
      "email": "ACaines@consequat.ly",
      "password": "K0TSujTN",
      "city": "Leesburg",
      "address": "9240 Id Dr",
      "phone": "(309)429-9966",
      "isActive": false
    },
    {
      "id": 7,
      "userType": "student",
      "name": "Elzbieta",
      "lastname": "Stevenson",
      "email": "JLilly@sed.com",
      "password": "NL1sGEAw",
      "city": "Selma",
      "address": "8152 Vel Ave",
      "phone": "(168)119-6296",
      "isActive": true
    },
    {
      "id": 8,
      "userType": "student",
      "name": "Richard",
      "lastname": "Barge",
      "email": "MLarson@et.net",
      "password": "pcLIuwr8",
      "city": "Tulsa",
      "address": "9406 Tortor Dr",
      "phone": "(412)502-8947",
      "isActive": false
    },
    {
      "id": 9,
      "userType": "student",
      "name": "Jerome",
      "lastname": "Depreta",
      "email": "DSherstan@suspendisse.com",
      "password": "iL3Z9QGa",
      "city": "Andover",
      "address": "2533 Porttitor Dr",
      "phone": "(209)218-1687",
      "isActive": false
    },
    {
      "id": 10,
      "userType": "student",
      "name": "Antoine",
      "lastname": "Elmuccio",
      "email": "DEkekwe@lorem.ly",
      "password": "FTJp0wug",
      "city": "Leawood",
      "address": "1900 Curabitur Ln",
      "phone": "(733)369-5183",
      "isActive": false
    }
  ],
  "navLinks": [
    {
      "text": "Всі курси",
      "link": "#courses"
    },
    {
      "text": "Мої курси",
      "link": "#courses/1"
    }
  ],
  "personalLinks": [
    {
      "text" : "Мій профіль",
      "link" : "#courses"
    },
    {
      "text" : "Вихід",
      "link" : "#courses/1"
    }
  ],
  "teacherLinks": [
    {
      "text" : "Викладацькі курси",
      "link" : "#courses"
    },
    {
      "text" : "Додати курс",
      "link" : "#courses/1"
    }
  ],
  "tests": [
    {
      "id": 1,
      "courseId": 3,
      "moduleId": 1,
      "nameTest": "Теги: поняття, типи, підтримка"
    },
    {
      "id": 2,
      "courseId": 3,
      "moduleId": 2,
      "nameTest": " Форми"
    },
    {
      "id": 3,
      "courseId": 3,
      "moduleId": 3,
      "nameTest": " Таблиці"
    },
    {
      "id": 4,
      "courseId": 3,
      "moduleId": 4,
      "nameTest": "Спеціальні теги HTML 5"
    },
    {
      "id": 5,
      "courseId": 3,
      "moduleId": 5,
      "nameTest": "Побудова оптимізованого DOM дерева"
    },
    {
      "id": 6,
      "courseId": 3,
      "moduleId": 6,
      "nameTest": "Екзаменаційне завдання"
    }
  ],
  "questions": [
    {
      "id": 1,
      "num": 1,
      "courseId": 3,
      "moduleId": 1,
      "question": "Введіть класичний варіант написання тегу",
      "typeVariant": 0,
      "variants": {
        "variant1": "&lt;name&gt;&lt;/name&gt;",
        "variant2": "other variant"
      }
    },
    {
      "id": 2,
      "num": 2,
      "courseId": 3,
      "moduleId": 1,
      "question": "Введіть doctype HTML5 без &lt;&gt;",
      "typeVariant": 1
    },
    {
      "id": 3,
      "num": 3,
      "courseId": 3,
      "moduleId": 1,
      "question": "Відмітьте теги, які не підтримуються HTML 4.0",
      "typeVariant": 2,
      "variants": {
        "variant1": "header",
        "variant2": "img",
        "variant3": "footer",
        "variant4": "span"
      }
    },
    {
      "id": 4,
      "num": 4,
      "courseId": 3,
      "moduleId": 1,
      "question": "Яка форма запису є коректною ? (два варіанти)",
      "typeVariant": 2,
      "variants": {
        "variant1": "&lt;input required=on&gt;",
        "variant2": "&lt;input required=yes&gt;",
        "variant3": "&lt;input required&gt;",
        "variant4": "&lt;input required=required&gt;"
      }
    },
    {
      "id": 5,
      "num": 5,
      "courseId": 3,
      "moduleId": 1,
      "question": "Як встановити кодировку документа?",
      "typeVariant": 0,
      "variants": {
        "variant1": "&lt;body charset=&#34;utf-8&#34;&gt;",
        "variant2": "&lt;meta charset=&#34;utf-8&#34;&gt;",
        "variant3": "&lt;meta codebase=&#34;utf-8&#34;&gt;"
      }
    },
    {
      "id": 6,
      "num": 6,
      "courseId": 3,
      "moduleId": 1,
      "question": "Який елемент у секції &lt;head&gt; є обов'язковим?",
      "typeVariant": 0,
      "variants": {
        "variant1": "&lt;meta&gt;",
        "variant2": "&lt;link&gt;",
        "variant3": "&lt;style&gt;",
        "variant4": "&lt;base&gt;",
        "variant5": "&lt;title&gt;"
      }
    },
    {
      "id": 7,
      "num": 1,
      "courseId": 3,
      "moduleId": 3,
      "question": "Який тег не є тегом форматування таблиці?",
      "typeVariant": 0,
      "variants": {
        "variant1": "&lt;target&gt;",
        "variant2": "&lt;td&gt;",
        "variant3": "&lt;hd&gt;",
        "variant4": "&lt;colspan&gt;"
      }
    },
    {
      "id": 8,
      "num": 2,
      "courseId": 3,
      "moduleId": 3,
      "question": "Який тег потрібен для організації назви таблиці?",
      "typeVariant": 1
    }
  ],
  "vacancies": [
    {
      "id": 1,
      "name": ".NET Software Engineer",
      "url": "https://softserve.ua/en/vacancies/open-vacancies/net-software-engineer/"
    },
    {
      "id": 2,
      "name": "C++ Software Engineer",
      "url": "https://softserve.ua/en/vacancies/open-vacancies/c-software-engineer-3/"
    },
    {
      "id": 3,
      "name": "Cloud Storage Software Engineer",
      "url": "https://softserve.ua/en/vacancies/open-vacancies/cloud-storage-software-engineer/"
    },
    {
      "id": 4,
      "name": "Delivery Director",
      "url": "https://softserve.ua/en/vacancies/open-vacancies/delivery-director/"
    },
    {
      "id": 5,
      "name": "DevOps Technology Consultant",
      "url": "https://softserve.ua/en/vacancies/open-vacancies/devops-technology-consultant/"
    },
    {
      "id": 6,
      "name": "Intermediate DevOps Software Engineer",
      "url": "https://softserve.ua/en/vacancies/open-vacancies/intermediate-devops-software-engineer/"
    }
  ]
}